USE restaurant_db;

INSERT INTO Table_ (capacity, location) VALUES
(2, 'Window'),
(4, 'Center'),
(4, 'Patio'),
(6, 'Private Room'),
(2, 'Corner'),
(8, 'VIP Room'),
(4, 'Main Hall'),
(6, 'Patio'),
(2, 'Entrance'),
(4, 'Window'),
(6, 'Main Hall'),
(2, 'Bar Area'),
(4, 'Near Kitchen'),
(8, 'VIP Room'),
(6, 'Private Room'),
(4, 'Corner'),
(2, 'Window'),
(4, 'Patio'),
(6, 'Center'),
(4, 'Main Hall');

INSERT INTO Staff_Role (role_name, role_description) VALUES
('Waiter', 'Serves food'),
('Chef', 'Prepares meals'),
('Manager', 'Manages operations'),
('Cashier', 'Handles payments'),
('Cleaner', 'Cleans restaurant');

INSERT INTO Staff (staff_role_id, staff_name, staff_address, staff_phone, staff_shift_time) VALUES
(1, 'Alice Tan', 'Jakarta', '0811000001', 'Morning'),
(1, 'Budi Setiawan', 'Jakarta', '0811000002', 'Evening'),
(2, 'Chef Ramos', 'Depok', '0811000003', 'Full Day'),
(2, 'Chef Lina', 'Tangerang', '0811000004', 'Morning'),
(3, 'Mr. Johan', 'Bekasi', '0811000005', 'Full Day'),
(4, 'Santi', 'Jakarta', '0811000006', 'Morning'),
(5, 'Asep', 'Bogor', '0811000007', 'Evening'),
(1, 'Michael', 'Jakarta', '0811000008', 'Morning'),
(1, 'David', 'Depok', '0811000009', 'Evening'),
(1, 'Putri', 'Bekasi', '0811000010', 'Morning'),
(2, 'Chef Andi', 'Bogor', '0811000011', 'Evening'),
(2, 'Chef Hana', 'Tangerang', '0811000012', 'Full Day'),
(4, 'Lala', 'Jakarta', '0811000013', 'Evening'),
(5, 'Rina', 'Tangerang', '0811000014', 'Morning'),
(1, 'Kevin', 'Jakarta', '0811000015', 'Morning'),
(1, 'Siska', 'Bekasi', '0811000016', 'Evening'),
(1, 'Jonas', 'Depok', '0811000017', 'Morning'),
(2, 'Chef Bima', 'Jakarta', '0811000018', 'Full Day'),
(4, 'Cindy', 'Bogor', '0811000019', 'Evening'),
(5, 'Rudi', 'Tangerang', '0811000020', 'Full Day');

INSERT INTO Menu_Category (category_name, category_description) VALUES
('Appetizer', 'Starters'),
('Main Course', 'Main dishes'),
('Dessert', 'Sweet dishes'),
('Drinks', 'Beverages'),
('Sides', 'Side dishes');

INSERT INTO Menu (category_id, item_name, item_price, item_description) VALUES
(1, 'Spring Rolls', 25000, 'Fried rolls'),
(1, 'Garlic Bread', 20000, 'Toasted garlic bread'),
(2, 'Beef Steak', 120000, 'Grilled beef steak'),
(2, 'Chicken Teriyaki', 60000, 'Teriyaki sauce'),
(2, 'Nasi Goreng', 45000, 'Indonesian fried rice'),
(3, 'Chocolate Cake', 30000, 'Rich chocolate'),
(3, 'Ice Cream', 20000, 'Vanilla scoop'),
(4, 'Lemon Tea', 15000, 'Iced lemon tea'),
(4, 'Cappuccino', 28000, 'Hot coffee'),
(4, 'Mineral Water', 8000, 'Bottled water'),
(5, 'French Fries', 25000, 'Crispy fries'),
(5, 'Mashed Potatoes', 22000, 'Creamy mash'),
(1, 'Soup of the Day', 30000, 'Daily soup'),
(1, 'Bruschetta', 28000, 'Tomato basil'),
(2, 'Salmon Grill', 95000, 'Fresh salmon'),
(3, 'Cheesecake', 35000, 'Cream cheese cake'),
(4, 'Orange Juice', 20000, 'Fresh juice'),
(4, 'Milkshake', 25000, 'Chocolate shake'),
(5, 'Coleslaw', 18000, 'Fresh slaw'),
(2, 'Pasta Carbonara', 55000, 'Creamy pasta');

INSERT INTO Membership (membership_type, discount_rate, status) VALUES
('Bronze', 5.00, 'Active'),
('Silver', 10.00, 'Active'),
('Gold', 15.00, 'Active'),
('Platinum', 20.00, 'Inactive'),
('VIP', 30.00, 'Active'),
('Silver', 10.00, 'Active'),
('Bronze', 5.00, 'Inactive'),
('Gold', 15.00, 'Active'),
('Platinum', 20.00, 'Active'),
('VIP', 30.00, 'Inactive');

INSERT INTO Customer (membership_id, customer_name, customer_phone, customer_email) VALUES
(1, 'John Doe', '0821000001', 'john@mail.com'),
(2, 'Sarah Lee', '0821000002', 'sarah@mail.com'),
(3, 'Michael Tan', '0821000003', 'michael@mail.com'),
(4, 'Nadia Putri', '0821000004', 'nadia@mail.com'),
(5, 'Kevin Hart', '0821000005', 'kevin@mail.com'),
(NULL, 'Random Customer 1', '0821000006', 'rc1@mail.com'),
(1, 'Paul', '0821000007', 'paul@mail.com'),
(2, 'Linda', '0821000008', 'linda@mail.com'),
(3, 'Rico', '0821000009', 'rico@mail.com'),
(4, 'Marsha', '0821000010', 'marsha@mail.com'),
(5, 'Fiona', '0821000011', 'fiona@mail.com'),
(1, 'Jason', '0821000012', 'jason@mail.com'),
(2, 'Tina', '0821000013', 'tina@mail.com'),
(3, 'Bryan', '0821000014', 'bryan@mail.com'),
(4, 'Sasa', '0821000015', 'sasa@mail.com'),
(5, 'Felix', '0821000016', 'felix@mail.com'),
(1, 'Reno', '0821000017', 'reno@mail.com'),
(2, 'Leo', '0821000018', 'leo@mail.com'),
(3, 'Jordan', '0821000019', 'jordan@mail.com'),
(4, 'Rara', '0821000020', 'rara@mail.com');

INSERT INTO Reservation (customer_id, table_id, reservation_date, reservation_time, status) VALUES
(1,1,'2025-01-01','18:00','Completed'),
(2,2,'2025-01-02','19:00','Completed'),
(3,3,'2025-01-03','17:00','Completed'),
(4,4,'2025-01-04','18:30','Cancelled'),
(5,5,'2025-01-05','20:00','Completed'),
(6,6,'2025-01-06','18:00','Completed'),
(7,7,'2025-01-07','17:30','Completed'),
(8,8,'2025-01-08','18:00','Completed'),
(9,9,'2025-01-09','19:00','Completed'),
(10,10,'2025-01-10','18:00','Completed'),
(11,11,'2025-01-11','17:30','Completed'),
(12,12,'2025-01-12','18:45','Completed'),
(13,13,'2025-01-13','20:00','Completed'),
(14,14,'2025-01-14','18:00','Completed'),
(15,15,'2025-01-15','19:15','Completed'),
(16,16,'2025-01-16','17:00','Completed'),
(17,17,'2025-01-17','18:00','Completed'),
(18,18,'2025-01-18','19:00','Completed'),
(19,19,'2025-01-19','18:30','Completed'),
(20,20,'2025-01-20','20:00','Completed');

INSERT INTO Payment_Method (method_name, description, is_active) VALUES
('Cash', 'Cash payment', TRUE),
('Credit Card', 'Visa/Mastercard', TRUE),
('Debit Card', 'Bank debit', TRUE),
('E-Wallet', 'OVO/Gopay/ShopeePay', TRUE),
('Bank Transfer', 'Manual transfer', FALSE);

INSERT INTO Orders (customer_id, staff_id, table_id, method_id, reservation_id, order_date, payment_date, payment_amount) VALUES
(1,1,1,1,1,'2025-01-01 18:10','2025-01-01 18:40',120000),
(2,2,2,2,2,'2025-01-02 19:10','2025-01-02 19:40',85000),
(3,3,3,3,3,'2025-01-03 17:20','2025-01-03 17:50',95000),
(4,4,4,4,4,'2025-01-04 18:40','2025-01-04 18:55',45000),
(5,5,5,1,5,'2025-01-05 20:10','2025-01-05 20:40',130000),
(6,6,6,2,6,'2025-01-06 18:15','2025-01-06 18:45',65000),
(7,7,7,3,7,'2025-01-07 17:40','2025-01-07 18:00',78000),
(8,8,8,4,8,'2025-01-08 18:00','2025-01-08 18:30',50000),
(9,9,9,1,9,'2025-01-09 19:30','2025-01-09 19:50',110000),
(10,10,10,2,10,'2025-01-10 18:05','2025-01-10 18:35',92000),
(11,11,11,3,11,'2025-01-11 17:45','2025-01-11 18:05',100000),
(12,12,12,4,12,'2025-01-12 18:50','2025-01-12 19:20',60000),
(13,13,13,1,13,'2025-01-13 20:10','2025-01-13 20:40',78000),
(14,14,14,2,14,'2025-01-14 18:12','2025-01-14 18:35',68000),
(15,15,15,3,15,'2025-01-15 19:20','2025-01-15 19:40',72000),
(16,16,16,4,16,'2025-01-16 17:10','2025-01-16 17:40',90000),
(17,17,17,1,17,'2025-01-17 18:25','2025-01-17 18:45',50000),
(18,18,18,2,18,'2025-01-18 19:20','2025-01-18 19:50',64000),
(19,19,19,3,19,'2025-01-19 18:45','2025-01-19 19:10',58000),
(20,20,20,4,20,'2025-01-20 20:15','2025-01-20 20:45',123000);

INSERT INTO Order_Details (order_id, menu_id, quantity, subtotal) VALUES
(1,3,1,120000),
(2,5,1,45000),
(3,15,1,95000),
(4,1,1,25000),
(5,3,1,120000),
(6,5,1,45000),
(7,11,2,50000),
(8,10,1,8000),
(9,3,1,120000),
(10,15,1,95000),
(11,16,1,35000),
(12,18,1,25000),
(13,5,1,45000),
(14,10,2,16000),
(15,17,1,20000),
(16,3,1,120000),
(17,1,1,25000),
(18,8,2,30000),
(19,12,1,22000),
(20,3,1,120000);